model,MAE,RMSE,R2
LinearRegression,4.21476314247485,5.393993869732841,0.8804332983749565
Ridge,4.211112826071163,5.390417574427311,0.8805917946912825
Lasso,5.155701094273798,6.517328221922997,0.8254465092551198
KNN,5.599,7.2506137671234425,0.7839576491010051
DecisionTree,6.24,7.840918313565063,0.7473477264582984
RandomForest,4.701466666666667,6.033662659682315,0.8503931763714865
AdaBoost,4.681342592935341,6.008278172708412,0.8516493631886939
